{"Index": "J203.JO", "Date": "2019-03-28", "Open": 56149.30078, "High": 56343.46875, "Low": 56051.98047, "Close": 56059.5, "Adj Close": 56059.5, "Volume": 0.0, "CloseUSD": 3924.165}